comparison,observed_difference,ci_lower,ci_upper
long_minus_short,-0.10770860771022495,-0.12325749802172117,-0.0921187036799233
