review_length_group,n,mean_happiness,std_happiness,ci_lower,ci_upper,min_word_count,max_word_count
short,1000,5.483974217249557,0.2359443787456544,5.469253308603728,5.498724302509783,4,48
long,1000,5.376265609539332,0.07975173610865689,5.371287709658728,5.3812314415728615,779,2470
